subject,lab,model,nll
CSHL047,churchlandlab,combined_evidence,0.3959882913899552
CSHL047,churchlandlab,combined_history,0.396340748240209
CSHL047,churchlandlab,evidence_history,0.41602052123179434
CSHL047,churchlandlab,learning_evidence,0.4119934716467996
CSHL047,churchlandlab,learning_history,0.41261642692199324
CSHL047,churchlandlab,long_evidence,0.3953780674793372
CSHL047,churchlandlab,long_history,0.39566367361784915
CSHL047,churchlandlab,outcome_history,0.4164869062497272
CSHL052,churchlandlab,combined_evidence,0.3492970152564952
CSHL052,churchlandlab,combined_history,0.351978030932061
CSHL052,churchlandlab,evidence_history,0.3954476284795735
CSHL052,churchlandlab,learning_evidence,0.3886039511114623
CSHL052,churchlandlab,learning_history,0.39475348234386126
CSHL052,churchlandlab,long_evidence,0.34815553725499526
CSHL052,churchlandlab,long_history,0.3510368165812374
CSHL052,churchlandlab,outcome_history,0.40096814048242674
CSHL053,churchlandlab,combined_evidence,0.3038405923502416
CSHL053,churchlandlab,combined_history,0.30265156643569113
CSHL053,churchlandlab,evidence_history,0.3181989152290159
CSHL053,churchlandlab,learning_evidence,0.3150130942088547
CSHL053,churchlandlab,learning_history,0.31340247391773074
CSHL053,churchlandlab,long_evidence,0.3043441176253585
CSHL053,churchlandlab,long_history,0.3030608546387747
CSHL053,churchlandlab,outcome_history,0.3164635933713951
CSHL054,churchlandlab,combined_evidence,0.3479597009700642
CSHL054,churchlandlab,combined_history,0.34945183802596347
CSHL054,churchlandlab,evidence_history,0.4012345514671119
CSHL054,churchlandlab,learning_evidence,0.38904899209300714
CSHL054,churchlandlab,learning_history,0.3933969920702382
CSHL054,churchlandlab,long_evidence,0.34909052714887273
CSHL054,churchlandlab,long_history,0.3509367853096745
CSHL054,churchlandlab,outcome_history,0.4054289970455986
CSHL055,churchlandlab,combined_evidence,0.3881467139530806
CSHL055,churchlandlab,combined_history,0.39029984504424664
CSHL055,churchlandlab,evidence_history,0.426581220902418
CSHL055,churchlandlab,learning_evidence,0.41092597996468033
CSHL055,churchlandlab,learning_history,0.41594280510822607
CSHL055,churchlandlab,long_evidence,0.3866116375033724
CSHL055,churchlandlab,long_history,0.3888214833790603
CSHL055,churchlandlab,outcome_history,0.43147184374525266
CSHL_014,churchlandlab,combined_evidence,0.3549769836464449
CSHL_014,churchlandlab,combined_history,0.35572552754967146
CSHL_014,churchlandlab,evidence_history,0.3844441850919841
CSHL_014,churchlandlab,learning_evidence,0.3789962914097263
CSHL_014,churchlandlab,learning_history,0.38096723726419446
CSHL_014,churchlandlab,long_evidence,0.35623655563722045
CSHL_014,churchlandlab,long_history,0.357233799496526
CSHL_014,churchlandlab,outcome_history,0.38656112572927187
CSHL_015,churchlandlab,combined_evidence,0.5889530581416811
CSHL_015,churchlandlab,combined_history,0.5893485355980698
CSHL_015,churchlandlab,evidence_history,0.60037356378091
CSHL_015,churchlandlab,learning_evidence,0.5984107208134166
CSHL_015,churchlandlab,learning_history,0.5990787527906776
CSHL_015,churchlandlab,long_evidence,0.5848567440445374
CSHL_015,churchlandlab,long_history,0.5847350548379187
CSHL_015,churchlandlab,outcome_history,0.6013059570833169
CSH_ZAD_001,zadorlab,combined_evidence,0.31428118110557857
CSH_ZAD_001,zadorlab,combined_history,0.3132813035461155
CSH_ZAD_001,zadorlab,evidence_history,0.3401682453047341
CSH_ZAD_001,zadorlab,learning_evidence,0.3336680673900589
CSH_ZAD_001,zadorlab,learning_history,0.33214665255000836
CSH_ZAD_001,zadorlab,long_evidence,0.31439694768353355
CSH_ZAD_001,zadorlab,long_history,0.31331006039176146
CSH_ZAD_001,zadorlab,outcome_history,0.3388663002226326
CSH_ZAD_002,zadorlab,combined_evidence,0.38897266791641505
CSH_ZAD_002,zadorlab,combined_history,0.3895231136016357
CSH_ZAD_002,zadorlab,evidence_history,0.43991861263889004
CSH_ZAD_002,zadorlab,learning_evidence,0.4432034128031379
CSH_ZAD_002,zadorlab,learning_history,0.4457992333473185
CSH_ZAD_002,zadorlab,long_evidence,0.38955866785405807
CSH_ZAD_002,zadorlab,long_history,0.3902321081395468
CSH_ZAD_002,zadorlab,outcome_history,0.44226873217022994
CSH_ZAD_004,zadorlab,combined_evidence,0.296028771903743
CSH_ZAD_004,zadorlab,combined_history,0.2971331251882913
CSH_ZAD_004,zadorlab,evidence_history,0.31524806440221304
CSH_ZAD_004,zadorlab,learning_evidence,0.3046446352135238
CSH_ZAD_004,zadorlab,learning_history,0.30724624527348515
CSH_ZAD_004,zadorlab,long_evidence,0.2959660258854016
CSH_ZAD_004,zadorlab,long_history,0.2971561360501035
CSH_ZAD_004,zadorlab,outcome_history,0.3177776730068291
CSH_ZAD_005,zadorlab,combined_evidence,0.5486286041408334
CSH_ZAD_005,zadorlab,combined_history,0.5458248791983505
CSH_ZAD_005,zadorlab,evidence_history,0.5674116236225426
CSH_ZAD_005,zadorlab,learning_evidence,0.5589316791526735
CSH_ZAD_005,zadorlab,learning_history,0.5539441725660148
CSH_ZAD_005,zadorlab,long_evidence,0.5486162620893891
CSH_ZAD_005,zadorlab,long_history,0.5454439197538636
CSH_ZAD_005,zadorlab,outcome_history,0.5624926047419501
CSH_ZAD_007,zadorlab,combined_evidence,0.2909209120588009
CSH_ZAD_007,zadorlab,combined_history,0.29029965843470323
CSH_ZAD_007,zadorlab,evidence_history,0.31758155892653145
CSH_ZAD_007,zadorlab,learning_evidence,0.311113275242692
CSH_ZAD_007,zadorlab,learning_history,0.3112920667217971
CSH_ZAD_007,zadorlab,long_evidence,0.2919182502567833
CSH_ZAD_007,zadorlab,long_history,0.2914436844847643
CSH_ZAD_007,zadorlab,outcome_history,0.3176066471427825
CSP001,angelakilab,combined_evidence,0.3661788903201204
CSP001,angelakilab,combined_history,0.36577752439807887
CSP001,angelakilab,evidence_history,0.44816956120617496
CSP001,angelakilab,learning_evidence,0.4578259989982735
CSP001,angelakilab,learning_history,0.46042684618167273
CSP001,angelakilab,long_evidence,0.3677915413121569
CSP001,angelakilab,long_history,0.3679486333796333
CSP001,angelakilab,outcome_history,0.4503401124924158
CSP004,angelakilab,combined_evidence,0.37140503233221894
CSP004,angelakilab,combined_history,0.3723556191979031
CSP004,angelakilab,evidence_history,0.3751788692669541
CSP004,angelakilab,learning_evidence,0.3722102035982749
CSP004,angelakilab,learning_history,0.373968806477632
CSP004,angelakilab,long_evidence,0.3712859174451392
CSP004,angelakilab,long_history,0.3722753386376147
CSP004,angelakilab,outcome_history,0.3767154486814699
CSP012,angelakilab,combined_evidence,0.3920636619547097
CSP012,angelakilab,combined_history,0.39222818615856236
CSP012,angelakilab,evidence_history,0.42218171026674056
CSP012,angelakilab,learning_evidence,0.42641885746274477
CSP012,angelakilab,learning_history,0.4272805382726182
CSP012,angelakilab,long_evidence,0.3929946923195595
CSP012,angelakilab,long_history,0.3934362528792811
CSP012,angelakilab,outcome_history,0.42228420389796445
CSP013,angelakilab,combined_evidence,0.35954650066484223
CSP013,angelakilab,combined_history,0.3601699734295486
CSP013,angelakilab,evidence_history,0.41187549771406357
CSP013,angelakilab,learning_evidence,0.41320582544566026
CSP013,angelakilab,learning_history,0.4154656745036279
CSP013,angelakilab,long_evidence,0.36101090302382827
CSP013,angelakilab,long_history,0.3620516515329108
CSP013,angelakilab,outcome_history,0.4144281729997845
CSP015,angelakilab,combined_evidence,0.34135307049728275
CSP015,angelakilab,combined_history,0.34327136756114457
CSP015,angelakilab,evidence_history,0.3593374393297264
CSP015,angelakilab,learning_evidence,0.3468015455791995
CSP015,angelakilab,learning_history,0.3495502465329124
CSP015,angelakilab,long_evidence,0.34096855878242993
CSP015,angelakilab,long_history,0.34287534648585116
CSP015,angelakilab,outcome_history,0.3621820455325728
CSP028,angelakilab,combined_evidence,0.28387275034067266
CSP028,angelakilab,combined_history,0.2832479987008296
CSP028,angelakilab,evidence_history,0.3087976302909935
CSP028,angelakilab,learning_evidence,0.3051733177054219
CSP028,angelakilab,learning_history,0.30491191787257904
CSP028,angelakilab,long_evidence,0.2843503161442217
CSP028,angelakilab,long_history,0.28384694802723504
CSP028,angelakilab,outcome_history,0.30855071427135256
CSP029,angelakilab,combined_evidence,0.3204430488335447
CSP029,angelakilab,combined_history,0.320416683672142
CSP029,angelakilab,evidence_history,0.32741140961017023
CSP029,angelakilab,learning_evidence,0.32926892914051653
CSP029,angelakilab,learning_history,0.32870025960356614
CSP029,angelakilab,long_evidence,0.3204260945749605
CSP029,angelakilab,long_history,0.32042744444905336
CSP029,angelakilab,outcome_history,0.3259886227896641
DY_006,danlab,combined_evidence,0.5463366967673905
DY_006,danlab,combined_history,0.5510591754620586
DY_006,danlab,evidence_history,0.5485676303888185
DY_006,danlab,learning_evidence,0.5569965672128634
DY_006,danlab,learning_history,0.5642439072917913
DY_006,danlab,long_evidence,0.5467709284165537
DY_006,danlab,long_history,0.5521376971842433
DY_006,danlab,outcome_history,0.5553959352428308
DY_009,danlab,combined_evidence,0.2916617428494899
DY_009,danlab,combined_history,0.2937654139313519
DY_009,danlab,evidence_history,0.32937712376626194
DY_009,danlab,learning_evidence,0.3213152911288852
DY_009,danlab,learning_history,0.32618298707697035
DY_009,danlab,long_evidence,0.2927764452345188
DY_009,danlab,long_history,0.29528694438127245
DY_009,danlab,outcome_history,0.33425190287416956
DY_010,danlab,combined_evidence,0.26120005754609044
DY_010,danlab,combined_history,0.260553171886556
DY_010,danlab,evidence_history,0.29794142148572966
DY_010,danlab,learning_evidence,0.28705056560180675
DY_010,danlab,learning_history,0.28656986805543877
DY_010,danlab,long_evidence,0.2619575553567423
DY_010,danlab,long_history,0.26137748715684395
DY_010,danlab,outcome_history,0.2973682563223039
DY_011,danlab,combined_evidence,0.3134183223584798
DY_011,danlab,combined_history,0.31401517551488745
DY_011,danlab,evidence_history,0.34155768036552187
DY_011,danlab,learning_evidence,0.33481458528670527
DY_011,danlab,learning_history,0.3367729220361019
DY_011,danlab,long_evidence,0.3142979370274544
DY_011,danlab,long_history,0.31513737132522796
DY_011,danlab,outcome_history,0.3431425868234193
FMR009,angelakilab,combined_evidence,0.4258215023330888
FMR009,angelakilab,combined_history,0.42740183981276925
FMR009,angelakilab,evidence_history,0.41828515730713905
FMR009,angelakilab,learning_evidence,0.4228720164312792
FMR009,angelakilab,learning_history,0.42579086011826583
FMR009,angelakilab,long_evidence,0.4255814397445929
FMR009,angelakilab,long_history,0.42715533936318006
FMR009,angelakilab,outcome_history,0.420497792170516
FMR010,angelakilab,combined_evidence,0.4660640156557453
FMR010,angelakilab,combined_history,0.4640223661621385
FMR010,angelakilab,evidence_history,0.46801399751559136
FMR010,angelakilab,learning_evidence,0.4651573828654242
FMR010,angelakilab,learning_history,0.4594906554349135
FMR010,angelakilab,long_evidence,0.4662765062076127
FMR010,angelakilab,long_history,0.4641286522998379
FMR010,angelakilab,outcome_history,0.4625582434826857
FMR011,angelakilab,combined_evidence,0.5027945126308433
FMR011,angelakilab,combined_history,0.5040299724890203
FMR011,angelakilab,evidence_history,0.5113445780535092
FMR011,angelakilab,learning_evidence,0.5314121208923576
FMR011,angelakilab,learning_history,0.533415041965799
FMR011,angelakilab,long_evidence,0.503007274326493
FMR011,angelakilab,long_history,0.5045388360386633
FMR011,angelakilab,outcome_history,0.5117599136224137
FMR014,angelakilab,combined_evidence,0.40057822404451804
FMR014,angelakilab,combined_history,0.3990507662134847
FMR014,angelakilab,evidence_history,0.40992730560455365
FMR014,angelakilab,learning_evidence,0.41362009243492903
FMR014,angelakilab,learning_history,0.41105566803813487
FMR014,angelakilab,long_evidence,0.40056419171513796
FMR014,angelakilab,long_history,0.3990030135805326
FMR014,angelakilab,outcome_history,0.4070024232988619
FMR019,angelakilab,combined_evidence,0.39928380330741137
FMR019,angelakilab,combined_history,0.3979131071249746
FMR019,angelakilab,evidence_history,0.3998499478911432
FMR019,angelakilab,learning_evidence,0.4008485897980103
FMR019,angelakilab,learning_history,0.3980582993840476
FMR019,angelakilab,long_evidence,0.3991343340917287
FMR019,angelakilab,long_history,0.39765880465375425
FMR019,angelakilab,outcome_history,0.39647016894794695
FMR020,angelakilab,combined_evidence,0.3562237352326245
FMR020,angelakilab,combined_history,0.355755761263748
FMR020,angelakilab,evidence_history,0.36362777689079223
FMR020,angelakilab,learning_evidence,0.36509068564604474
FMR020,angelakilab,learning_history,0.3643619033465397
FMR020,angelakilab,long_evidence,0.3567174254294805
FMR020,angelakilab,long_history,0.356367302165774
FMR020,angelakilab,outcome_history,0.3632083946108553
FMR025,angelakilab,combined_evidence,0.3573014317328176
FMR025,angelakilab,combined_history,0.35691933689507777
FMR025,angelakilab,evidence_history,0.3751419229497936
FMR025,angelakilab,learning_evidence,0.3689059462755911
FMR025,angelakilab,learning_history,0.3688375767100216
FMR025,angelakilab,long_evidence,0.3574503152134781
FMR025,angelakilab,long_history,0.3570386829762272
FMR025,angelakilab,outcome_history,0.3750512939500099
FMR028,angelakilab,combined_evidence,0.42790500943431287
FMR028,angelakilab,combined_history,0.42837375364043323
FMR028,angelakilab,evidence_history,0.4319444441417742
FMR028,angelakilab,learning_evidence,0.4435021495840459
FMR028,angelakilab,learning_history,0.44364094946453203
FMR028,angelakilab,long_evidence,0.42865891309779125
FMR028,angelakilab,long_history,0.42945368401058687
FMR028,angelakilab,outcome_history,0.4317145599781412
IBL-T1,angelakilab,combined_evidence,0.3489852780967587
IBL-T1,angelakilab,combined_history,0.34949150286873837
IBL-T1,angelakilab,evidence_history,0.36233179433268237
IBL-T1,angelakilab,learning_evidence,0.3631897391510203
IBL-T1,angelakilab,learning_history,0.3635341767842287
IBL-T1,angelakilab,long_evidence,0.34958429364925514
IBL-T1,angelakilab,long_history,0.35031071066684527
IBL-T1,angelakilab,outcome_history,0.36259928830434834
IBL-T2,angelakilab,combined_evidence,0.31051578392038076
IBL-T2,angelakilab,combined_history,0.3094982975574579
IBL-T2,angelakilab,evidence_history,0.31170518142854314
IBL-T2,angelakilab,learning_evidence,0.3117536998227638
IBL-T2,angelakilab,learning_history,0.3099974993641859
IBL-T2,angelakilab,long_evidence,0.31080918985486816
IBL-T2,angelakilab,long_history,0.3098011161650297
IBL-T2,angelakilab,outcome_history,0.30981288068346685
IBL-T4,angelakilab,combined_evidence,0.280385272260073
IBL-T4,angelakilab,combined_history,0.2832032650100297
IBL-T4,angelakilab,evidence_history,0.3411845663144376
IBL-T4,angelakilab,learning_evidence,0.3222527931634984
IBL-T4,angelakilab,learning_history,0.3301211017174901
IBL-T4,angelakilab,long_evidence,0.2820933074310823
IBL-T4,angelakilab,long_history,0.2855821443473288
IBL-T4,angelakilab,outcome_history,0.3494930582950657
KS002,cortexlab,combined_evidence,0.42532266535344915
KS002,cortexlab,combined_history,0.4279491777383837
KS002,cortexlab,evidence_history,0.4554314017645612
KS002,cortexlab,learning_evidence,0.45448152029673095
KS002,cortexlab,learning_history,0.46019087112688306
KS002,cortexlab,long_evidence,0.427838233379205
KS002,cortexlab,long_history,0.43133508240748936
KS002,cortexlab,outcome_history,0.4608987715012042
KS004,cortexlab,combined_evidence,0.40887553673509086
KS004,cortexlab,combined_history,0.4094981782858511
KS004,cortexlab,evidence_history,0.42313584714434366
KS004,cortexlab,learning_evidence,0.41297250833231136
KS004,cortexlab,learning_history,0.4152536836362216
KS004,cortexlab,long_evidence,0.40939976523276966
KS004,cortexlab,long_history,0.41021405845682146
KS004,cortexlab,outcome_history,0.4251017319921031
KS005,cortexlab,combined_evidence,0.41432075821553543
KS005,cortexlab,combined_history,0.41616678149190006
KS005,cortexlab,evidence_history,0.43340141464575993
KS005,cortexlab,learning_evidence,0.4246769471478319
KS005,cortexlab,learning_history,0.42823875752133167
KS005,cortexlab,long_evidence,0.41291209860330713
KS005,cortexlab,long_history,0.414761496780671
KS005,cortexlab,outcome_history,0.4372604127726634
KS015,cortexlab,combined_evidence,0.2596608662328418
KS015,cortexlab,combined_history,0.26043477332976617
KS015,cortexlab,evidence_history,0.2705688888969951
KS015,cortexlab,learning_evidence,0.2661179049255722
KS015,cortexlab,learning_history,0.267585044177177
KS015,cortexlab,long_evidence,0.2600949623191308
KS015,cortexlab,long_history,0.26104548179867665
KS015,cortexlab,outcome_history,0.2718957851082615
KS019,cortexlab,combined_evidence,0.4026562266998158
KS019,cortexlab,combined_history,0.40400519855095957
KS019,cortexlab,evidence_history,0.42931508749311864
KS019,cortexlab,learning_evidence,0.41404883181690544
KS019,cortexlab,learning_history,0.4176250989338948
KS019,cortexlab,long_evidence,0.40213840489088387
KS019,cortexlab,long_history,0.4035860242897473
KS019,cortexlab,outcome_history,0.43297328831272447
KS021,cortexlab,combined_evidence,0.35441046213535055
KS021,cortexlab,combined_history,0.3550275459590691
KS021,cortexlab,evidence_history,0.4124514905286947
KS021,cortexlab,learning_evidence,0.3980717847664921
KS021,cortexlab,learning_history,0.40147354081785663
KS021,cortexlab,long_evidence,0.3558741550231472
KS021,cortexlab,long_history,0.35673530237263534
KS021,cortexlab,outcome_history,0.4156311465573109
KS022,cortexlab,combined_evidence,0.27071279543171584
KS022,cortexlab,combined_history,0.2726666225186484
KS022,cortexlab,evidence_history,0.2963682917403314
KS022,cortexlab,learning_evidence,0.29052144103870314
KS022,cortexlab,learning_history,0.2942180744516207
KS022,cortexlab,long_evidence,0.2709894040784808
KS022,cortexlab,long_history,0.27321534828595057
KS022,cortexlab,outcome_history,0.29964161116547994
KS023,cortexlab,combined_evidence,0.2543360572471064
KS023,cortexlab,combined_history,0.2554033844060501
KS023,cortexlab,evidence_history,0.25638649997338975
KS023,cortexlab,learning_evidence,0.25680174873011696
KS023,cortexlab,learning_history,0.25873540079467505
KS023,cortexlab,long_evidence,0.25430847700185827
KS023,cortexlab,long_history,0.2555288895408985
KS023,cortexlab,outcome_history,0.2581463888799506
NYU-06,angelakilab,combined_evidence,0.3262385130311438
NYU-06,angelakilab,combined_history,0.32735304382853964
NYU-06,angelakilab,evidence_history,0.3311261639982075
NYU-06,angelakilab,learning_evidence,0.33333452648162604
NYU-06,angelakilab,learning_history,0.33496155467494887
NYU-06,angelakilab,long_evidence,0.32667581205480634
NYU-06,angelakilab,long_history,0.327979827011127
NYU-06,angelakilab,outcome_history,0.3327123195437715
NYU-09,angelakilab,combined_evidence,0.2782862114041603
NYU-09,angelakilab,combined_history,0.2775185318333532
NYU-09,angelakilab,evidence_history,0.28696358243660963
NYU-09,angelakilab,learning_evidence,0.282715813603173
NYU-09,angelakilab,learning_history,0.2804487257747982
NYU-09,angelakilab,long_evidence,0.2782752841280049
NYU-09,angelakilab,long_history,0.2774213376931827
NYU-09,angelakilab,outcome_history,0.28461428019249113
NYU-12,angelakilab,combined_evidence,0.4411541779759395
NYU-12,angelakilab,combined_history,0.44198360506666723
NYU-12,angelakilab,evidence_history,0.44031617137029555
NYU-12,angelakilab,learning_evidence,0.4477077856880397
NYU-12,angelakilab,learning_history,0.44880113351478523
NYU-12,angelakilab,long_evidence,0.4413819452204976
NYU-12,angelakilab,long_history,0.4423720118925209
NYU-12,angelakilab,outcome_history,0.44079754824219824
NYU-14,angelakilab,combined_evidence,0.37423118828004426
NYU-14,angelakilab,combined_history,0.37344048146132763
NYU-14,angelakilab,evidence_history,0.3927186884016662
NYU-14,angelakilab,learning_evidence,0.3861359881123658
NYU-14,angelakilab,learning_history,0.38570938681666184
NYU-14,angelakilab,long_evidence,0.3736257406851737
NYU-14,angelakilab,long_history,0.372575971225989
NYU-14,angelakilab,outcome_history,0.39229318056254514
NYU-28,angelakilab,combined_evidence,0.35257081909171933
NYU-28,angelakilab,combined_history,0.3528921102498494
NYU-28,angelakilab,evidence_history,0.3794083362611417
NYU-28,angelakilab,learning_evidence,0.3894471532333739
NYU-28,angelakilab,learning_history,0.3910725613557154
NYU-28,angelakilab,long_evidence,0.3531985706446662
NYU-28,angelakilab,long_history,0.35382402915809763
NYU-28,angelakilab,outcome_history,0.38059538862060915
NYU-32,angelakilab,combined_evidence,0.4391605378999918
NYU-32,angelakilab,combined_history,0.43986979100306445
NYU-32,angelakilab,evidence_history,0.45456697218626174
NYU-32,angelakilab,learning_evidence,0.46599605085469364
NYU-32,angelakilab,learning_history,0.46809339847836895
NYU-32,angelakilab,long_evidence,0.43957684073385395
NYU-32,angelakilab,long_history,0.4404818078165437
NYU-32,angelakilab,outcome_history,0.45587751274144617
NYU-38,angelakilab,combined_evidence,0.40696314459480043
NYU-38,angelakilab,combined_history,0.40678512113504117
NYU-38,angelakilab,evidence_history,0.4365795372422108
NYU-38,angelakilab,learning_evidence,0.4430620210010532
NYU-38,angelakilab,learning_history,0.4444468968685805
NYU-38,angelakilab,long_evidence,0.4063946055118629
NYU-38,angelakilab,long_history,0.40618285312207375
NYU-38,angelakilab,outcome_history,0.43755927366314745
NYU-41,angelakilab,combined_evidence,0.33351984451464384
NYU-41,angelakilab,combined_history,0.3336639378115903
NYU-41,angelakilab,evidence_history,0.3284049969041113
NYU-41,angelakilab,learning_evidence,0.3277138141400139
NYU-41,angelakilab,learning_history,0.32758798298064307
NYU-41,angelakilab,long_evidence,0.33350444211445385
NYU-41,angelakilab,long_history,0.3336650032464847
NYU-41,angelakilab,outcome_history,0.3279612565174268
NYU-43,angelakilab,combined_evidence,0.3480244907294269
NYU-43,angelakilab,combined_history,0.3499976070314943
NYU-43,angelakilab,evidence_history,0.37615984611225517
NYU-43,angelakilab,learning_evidence,0.371496195953661
NYU-43,angelakilab,learning_history,0.37608645652396716
NYU-43,angelakilab,long_evidence,0.348559053244559
NYU-43,angelakilab,long_history,0.350823216258443
NYU-43,angelakilab,outcome_history,0.3804522823101853
NYU-44,angelakilab,combined_evidence,0.4296071268485025
NYU-44,angelakilab,combined_history,0.4288737600132576
NYU-44,angelakilab,evidence_history,0.4673743131788977
NYU-44,angelakilab,learning_evidence,0.4720607828552116
NYU-44,angelakilab,learning_history,0.4742200473350682
NYU-44,angelakilab,long_evidence,0.431652112053377
NYU-44,angelakilab,long_history,0.4313704914231919
NYU-44,angelakilab,outcome_history,0.4705483408200555
NYU-56,angelakilab,combined_evidence,0.3033601562222094
NYU-56,angelakilab,combined_history,0.30337980125108127
NYU-56,angelakilab,evidence_history,0.3246927467788786
NYU-56,angelakilab,learning_evidence,0.3195626115946683
NYU-56,angelakilab,learning_history,0.31998208372413683
NYU-56,angelakilab,long_evidence,0.3038183083233153
NYU-56,angelakilab,long_history,0.3039996097095904
NYU-56,angelakilab,outcome_history,0.3249257320707137
SH002,angelakilab,combined_evidence,0.41751461161271036
SH002,angelakilab,combined_history,0.4180612680989359
SH002,angelakilab,evidence_history,0.476411413444199
SH002,angelakilab,learning_evidence,0.4792869110861464
SH002,angelakilab,learning_history,0.4839024740307567
SH002,angelakilab,long_evidence,0.41906648124383133
SH002,angelakilab,long_history,0.42016675064816666
SH002,angelakilab,outcome_history,0.4805795986127625
SH008,angelakilab,combined_evidence,0.39415197799340246
SH008,angelakilab,combined_history,0.39214172148969756
SH008,angelakilab,evidence_history,0.41456061477839107
SH008,angelakilab,learning_evidence,0.4092890124528259
SH008,angelakilab,learning_history,0.40608941203064447
SH008,angelakilab,long_evidence,0.3939470501206375
SH008,angelakilab,long_history,0.3917308797575679
SH008,angelakilab,outcome_history,0.411587673645112
SH011,angelakilab,combined_evidence,0.2961504497881868
SH011,angelakilab,combined_history,0.2966194486733583
SH011,angelakilab,evidence_history,0.3276066459519345
SH011,angelakilab,learning_evidence,0.3303795266523398
SH011,angelakilab,learning_history,0.3323122576792775
SH011,angelakilab,long_evidence,0.29689432655486436
SH011,angelakilab,long_history,0.29764676030908477
SH011,angelakilab,outcome_history,0.32958317890177624
SH020,angelakilab,combined_evidence,0.316494168965095
SH020,angelakilab,combined_history,0.3160001318130491
SH020,angelakilab,evidence_history,0.32560796956579097
SH020,angelakilab,learning_evidence,0.32226459011151903
SH020,angelakilab,learning_history,0.3216007761266474
SH020,angelakilab,long_evidence,0.3171756606183934
SH020,angelakilab,long_history,0.3168428206168957
SH020,angelakilab,outcome_history,0.3243725783799049
SH023,angelakilab,combined_evidence,0.27431930147300543
SH023,angelakilab,combined_history,0.27366752017160545
SH023,angelakilab,evidence_history,0.2862573676939499
SH023,angelakilab,learning_evidence,0.2824510375174454
SH023,angelakilab,learning_history,0.28145516016638666
SH023,angelakilab,long_evidence,0.27472250634188433
SH023,angelakilab,long_history,0.2742301798104477
SH023,angelakilab,outcome_history,0.28464782546459483
SWC_001,hoferlab,combined_evidence,0.4657614498299975
SWC_001,hoferlab,combined_history,0.4651087477184879
SWC_001,hoferlab,evidence_history,0.4725946863463888
SWC_001,hoferlab,learning_evidence,0.47110450798436193
SWC_001,hoferlab,learning_history,0.46971989690537475
SWC_001,hoferlab,long_evidence,0.46676318714059667
SWC_001,hoferlab,long_history,0.46617281610329653
SWC_001,hoferlab,outcome_history,0.4709550092924672
SWC_013,hoferlab,combined_evidence,0.2936356517478235
SWC_013,hoferlab,combined_history,0.29442278979180087
SWC_013,hoferlab,evidence_history,0.3142784155644329
SWC_013,hoferlab,learning_evidence,0.3088884659616866
SWC_013,hoferlab,learning_history,0.3107089221940023
SWC_013,hoferlab,long_evidence,0.29350268107326405
SWC_013,hoferlab,long_history,0.2943692030431595
SWC_013,hoferlab,outcome_history,0.3160874049598723
SWC_018,mrsicflogellab,combined_evidence,0.5041921153578472
SWC_018,mrsicflogellab,combined_history,0.5058202187027168
SWC_018,mrsicflogellab,evidence_history,0.5422637865395208
SWC_018,mrsicflogellab,learning_evidence,0.5309110485859664
SWC_018,mrsicflogellab,learning_history,0.5360266592557059
SWC_018,mrsicflogellab,long_evidence,0.501056192190035
SWC_018,mrsicflogellab,long_history,0.5024284261694232
SWC_018,mrsicflogellab,outcome_history,0.5471109509786428
SWC_NM_057,hoferlab,combined_evidence,0.7012516499591602
SWC_NM_057,hoferlab,combined_history,0.6998955383917812
SWC_NM_057,hoferlab,evidence_history,0.7142607474544844
SWC_NM_057,hoferlab,learning_evidence,0.6998962486983444
SWC_NM_057,hoferlab,learning_history,0.6970836019810132
SWC_NM_057,hoferlab,long_evidence,0.6982298865824449
SWC_NM_057,hoferlab,long_history,0.6963780317201056
SWC_NM_057,hoferlab,outcome_history,0.7116017135375824
SWC_NM_058,hoferlab,combined_evidence,0.49741349864980405
SWC_NM_058,hoferlab,combined_history,0.4980592659458967
SWC_NM_058,hoferlab,evidence_history,0.5429918778113558
SWC_NM_058,hoferlab,learning_evidence,0.5308820375600711
SWC_NM_058,hoferlab,learning_history,0.5329083079808672
SWC_NM_058,hoferlab,long_evidence,0.4957389512014572
SWC_NM_058,hoferlab,long_history,0.49626361792873613
SWC_NM_058,hoferlab,outcome_history,0.5448240413921259
SWC_NM_071,hoferlab,combined_evidence,0.4836556711692179
SWC_NM_071,hoferlab,combined_history,0.48411617729103473
SWC_NM_071,hoferlab,evidence_history,0.5105310064564108
SWC_NM_071,hoferlab,learning_evidence,0.49355041569531605
SWC_NM_071,hoferlab,learning_history,0.4956293329198693
SWC_NM_071,hoferlab,long_evidence,0.4796169972134891
SWC_NM_071,hoferlab,long_history,0.4797828058884316
SWC_NM_071,hoferlab,outcome_history,0.5128223974365871
SWC_NM_072,hoferlab,combined_evidence,0.5889005266230046
SWC_NM_072,hoferlab,combined_history,0.5893157931023366
SWC_NM_072,hoferlab,evidence_history,0.6074126920144004
SWC_NM_072,hoferlab,learning_evidence,0.5970893584592997
SWC_NM_072,hoferlab,learning_history,0.5969301366836959
SWC_NM_072,hoferlab,long_evidence,0.5859390443660122
SWC_NM_072,hoferlab,long_history,0.5859681801604082
SWC_NM_072,hoferlab,outcome_history,0.6075418916829243
SWC_NM_081,hoferlab,combined_evidence,0.4285212755065344
SWC_NM_081,hoferlab,combined_history,0.42803549639664606
SWC_NM_081,hoferlab,evidence_history,0.4555041608888385
SWC_NM_081,hoferlab,learning_evidence,0.4432908422748293
SWC_NM_081,hoferlab,learning_history,0.4431136592460539
SWC_NM_081,hoferlab,long_evidence,0.4269426681839043
SWC_NM_081,hoferlab,long_history,0.4262289559263911
SWC_NM_081,hoferlab,outcome_history,0.45549876171982834
SWC_NM_085,hoferlab,combined_evidence,0.45167680994847204
SWC_NM_085,hoferlab,combined_history,0.45239682605850096
SWC_NM_085,hoferlab,evidence_history,0.4960107389489051
SWC_NM_085,hoferlab,learning_evidence,0.4831649807030282
SWC_NM_085,hoferlab,learning_history,0.4861035602075835
SWC_NM_085,hoferlab,long_evidence,0.45005554111297047
SWC_NM_085,hoferlab,long_history,0.45076032811134126
SWC_NM_085,hoferlab,outcome_history,0.49854754847725036
SWC_NM_086,hoferlab,combined_evidence,0.3515064164942126
SWC_NM_086,hoferlab,combined_history,0.3524936634715047
SWC_NM_086,hoferlab,evidence_history,0.3846110942878772
SWC_NM_086,hoferlab,learning_evidence,0.37233911473213294
SWC_NM_086,hoferlab,learning_history,0.3752758610016521
SWC_NM_086,hoferlab,long_evidence,0.351059242049609
SWC_NM_086,hoferlab,long_history,0.35210403915200145
SWC_NM_086,hoferlab,outcome_history,0.3874601198334407
SWC_NM_091,hoferlab,combined_evidence,0.454012943779193
SWC_NM_091,hoferlab,combined_history,0.4533449592229914
SWC_NM_091,hoferlab,evidence_history,0.4723869081488612
SWC_NM_091,hoferlab,learning_evidence,0.46785581534989074
SWC_NM_091,hoferlab,learning_history,0.46703724512974615
SWC_NM_091,hoferlab,long_evidence,0.454820893749319
SWC_NM_091,hoferlab,long_history,0.45415985911591855
SWC_NM_091,hoferlab,outcome_history,0.47183993914632044
ZFM-02600,mainenlab,combined_evidence,0.5130932786526362
ZFM-02600,mainenlab,combined_history,0.5138073375222215
ZFM-02600,mainenlab,evidence_history,0.5396663225325982
ZFM-02600,mainenlab,learning_evidence,0.552080250978117
ZFM-02600,mainenlab,learning_history,0.5551275469408619
ZFM-02600,mainenlab,long_evidence,0.5144911866755684
ZFM-02600,mainenlab,long_history,0.5155200266103965
ZFM-02600,mainenlab,outcome_history,0.5425031581168076
ZFM-03324,mainenlab,combined_evidence,0.35879571841167834
ZFM-03324,mainenlab,combined_history,0.3586540927113527
ZFM-03324,mainenlab,evidence_history,0.38273501206555866
ZFM-03324,mainenlab,learning_evidence,0.36758770751542963
ZFM-03324,mainenlab,learning_history,0.3684594396636104
ZFM-03324,mainenlab,long_evidence,0.3595335470508901
ZFM-03324,mainenlab,long_history,0.359438889781032
ZFM-03324,mainenlab,outcome_history,0.3839852787061278
ZFM-04122,mainenlab,combined_evidence,0.46066902718221275
ZFM-04122,mainenlab,combined_history,0.45931199533215733
ZFM-04122,mainenlab,evidence_history,0.5090529950457822
ZFM-04122,mainenlab,learning_evidence,0.4930372887551315
ZFM-04122,mainenlab,learning_history,0.4912950281696348
ZFM-04122,mainenlab,long_evidence,0.46105559576455135
ZFM-04122,mainenlab,long_history,0.45955333527127074
ZFM-04122,mainenlab,outcome_history,0.5073949746657856
ZM_1372,mainenlab,combined_evidence,0.32091037756631796
ZM_1372,mainenlab,combined_history,0.3218869318341488
ZM_1372,mainenlab,evidence_history,0.3410081819995988
ZM_1372,mainenlab,learning_evidence,0.34303852645897015
ZM_1372,mainenlab,learning_history,0.3449985612880598
ZM_1372,mainenlab,long_evidence,0.321535357627388
ZM_1372,mainenlab,long_history,0.3227204553121138
ZM_1372,mainenlab,outcome_history,0.34246523364822534
ZM_1743,mainenlab,combined_evidence,0.3913647638051821
ZM_1743,mainenlab,combined_history,0.3925943849427354
ZM_1743,mainenlab,evidence_history,0.4783094424072444
ZM_1743,mainenlab,learning_evidence,0.5009021779154438
ZM_1743,mainenlab,learning_history,0.5077750165353504
ZM_1743,mainenlab,long_evidence,0.39699353329028475
ZM_1743,mainenlab,long_history,0.39919035668993036
ZM_1743,mainenlab,outcome_history,0.48459163953521667
ZM_1897,mainenlab,combined_evidence,0.3597819095179061
ZM_1897,mainenlab,combined_history,0.36201824710221614
ZM_1897,mainenlab,evidence_history,0.37830570451586615
ZM_1897,mainenlab,learning_evidence,0.37944301704622063
ZM_1897,mainenlab,learning_history,0.38360198491995534
ZM_1897,mainenlab,long_evidence,0.3603357360693788
ZM_1897,mainenlab,long_history,0.3629151821973336
ZM_1897,mainenlab,outcome_history,0.3820595509963324
ZM_1898,mainenlab,combined_evidence,0.4199104789433249
ZM_1898,mainenlab,combined_history,0.42117839230581755
ZM_1898,mainenlab,evidence_history,0.43915261315787346
ZM_1898,mainenlab,learning_evidence,0.42085321289748534
ZM_1898,mainenlab,learning_history,0.4232941023155765
ZM_1898,mainenlab,long_evidence,0.4176149155293805
ZM_1898,mainenlab,long_history,0.41873426316764967
ZM_1898,mainenlab,outcome_history,0.441462810579324
ZM_2241,mainenlab,combined_evidence,0.39141814856115825
ZM_2241,mainenlab,combined_history,0.3917100574669249
ZM_2241,mainenlab,evidence_history,0.41651484764463803
ZM_2241,mainenlab,learning_evidence,0.40521189282718645
ZM_2241,mainenlab,learning_history,0.40720690260262365
ZM_2241,mainenlab,long_evidence,0.38998030425598107
ZM_2241,mainenlab,long_history,0.3901324357569369
ZM_2241,mainenlab,outcome_history,0.4184049594056755
ibl_witten_06,wittenlab,combined_evidence,0.3138609764773881
ibl_witten_06,wittenlab,combined_history,0.31288951737735476
ibl_witten_06,wittenlab,evidence_history,0.33815252878132424
ibl_witten_06,wittenlab,learning_evidence,0.3265356401145976
ibl_witten_06,wittenlab,learning_history,0.3245418183683955
ibl_witten_06,wittenlab,long_evidence,0.3129380430104712
ibl_witten_06,wittenlab,long_history,0.3117324649644223
ibl_witten_06,wittenlab,outcome_history,0.3362068546104698
ibl_witten_07,wittenlab,combined_evidence,0.30378968926872923
ibl_witten_07,wittenlab,combined_history,0.3044781521741193
ibl_witten_07,wittenlab,evidence_history,0.32753245469523024
ibl_witten_07,wittenlab,learning_evidence,0.3249102128055481
ibl_witten_07,wittenlab,learning_history,0.3269785946155471
ibl_witten_07,wittenlab,long_evidence,0.30529222926171506
ibl_witten_07,wittenlab,long_history,0.30632305664337106
ibl_witten_07,wittenlab,outcome_history,0.32941847694355525
ibl_witten_12,wittenlab,combined_evidence,0.29792996850321274
ibl_witten_12,wittenlab,combined_history,0.29817027530293155
ibl_witten_12,wittenlab,evidence_history,0.3217575532403586
ibl_witten_12,wittenlab,learning_evidence,0.31288204920038953
ibl_witten_12,wittenlab,learning_history,0.3141168154995412
ibl_witten_12,wittenlab,long_evidence,0.2978268240106754
ibl_witten_12,wittenlab,long_history,0.2981098031528881
ibl_witten_12,wittenlab,outcome_history,0.32296436873488826
ibl_witten_13,wittenlab,combined_evidence,0.4250636467669659
ibl_witten_13,wittenlab,combined_history,0.42454664116978386
ibl_witten_13,wittenlab,evidence_history,0.4477461220589236
ibl_witten_13,wittenlab,learning_evidence,0.4427669953228471
ibl_witten_13,wittenlab,learning_history,0.4422764602396114
ibl_witten_13,wittenlab,long_evidence,0.42411116392263193
ibl_witten_13,wittenlab,long_history,0.4235307706529509
ibl_witten_13,wittenlab,outcome_history,0.44695991390742973
ibl_witten_14,wittenlab,combined_evidence,0.30946505189946416
ibl_witten_14,wittenlab,combined_history,0.3107121121089615
ibl_witten_14,wittenlab,evidence_history,0.34391075177947134
ibl_witten_14,wittenlab,learning_evidence,0.3299558312430782
ibl_witten_14,wittenlab,learning_history,0.3327099011215671
ibl_witten_14,wittenlab,long_evidence,0.3093840354432763
ibl_witten_14,wittenlab,long_history,0.3107319726461722
ibl_witten_14,wittenlab,outcome_history,0.3466802244661379
ibl_witten_19,wittenlab,combined_evidence,0.28472161339368046
ibl_witten_19,wittenlab,combined_history,0.28461002452625594
ibl_witten_19,wittenlab,evidence_history,0.2964195352245473
ibl_witten_19,wittenlab,learning_evidence,0.2941952377540737
ibl_witten_19,wittenlab,learning_history,0.2939166517667653
ibl_witten_19,wittenlab,long_evidence,0.2849691267543921
ibl_witten_19,wittenlab,long_history,0.28492024036517083
ibl_witten_19,wittenlab,outcome_history,0.29623649935716506
